{
  "n": 1000,
  "raw": {
    "gate": "FAIL",
    "cov_young": 0.149,
    "dom_na": 0.2885,
    "gap": 0.12854990969960334,
    "di_age": 0.9772727272727273,
    "di_sex": 0.9996293550778355,
    "dpd_age": 0.018604651162790642,
    "auc": 0.7610317460317461
  },
  "min_pass_lambda": 0.3,
  "mit": {
    "gate": "PASS",
    "cov_young": 0.3099999999999959,
    "dom_na": 0,
    "gap": 0.08998493678972347,
    "di_age": 0.9928748422545521,
    "di_sex": 0.9763532011148202,
    "dpd_age": 0.006022802467613775,
    "auc": 0.7615873015873016
  }
}